municipio,periodo,grado_promedio_escolaridad,poblacion_asiste_escuela,poblacion_total,porcentaje_alfabetas,total_viviendas_habitadas,viviendas_con_automovil,viviendas_con_internet
Aconchi,1995,,,2264.0,,511.0,,
Aconchi,2000,6.9,556.0,2420.0,94.7587849910661,578.0,,
Aconchi,2005,7.4,580.0,2452.0,,612.0,,
Aconchi,2010,7.81,667.0,2637.0,95.57,703.0,,
Aconchi,2015,8.2420477,,,96.0297766749379,795.0,,24.654088
Aconchi,2020,8.77755205688167,545.0,2563.0,97.0618034447822,790.0,64.0506329113924,32.1518987341772
Agua Prieta,1995,,,56289.0,,13335.0,,
Agua Prieta,2000,7.7,15566.0,61944.0,97.131572951214,14835.0,,
Agua Prieta,2005,8.3,19545.0,70303.0,,17862.0,,
Agua Prieta,2010,8.8,22662.0,79138.0,97.06,20420.0,,
Agua Prieta,2015,9.222916,,,97.7284934592393,23180.0,,46.171794
Agua Prieta,2020,9.63631300054194,24540.0,91929.0,98.3179899980477,27072.0,75.1258140911782,69.3235642391948
Alamos,1995,,,26075.0,,5500.0,,
Alamos,2000,5.7,6159.0,25152.0,84.6811585476004,5737.0,,
Alamos,2005,6.3,6448.0,24493.0,,6021.0,,
Alamos,2010,6.94,6683.0,25848.0,87.62,6631.0,,
Alamos,2015,7.2885654,,,89.6555390176483,6956.0,,12.93847
Alamos,2020,8.19827910728691,6333.0,24976.0,91.7248041214983,7133.0,51.0948905109489,19.7782144862437
Altar,1995,,,7134.0,,1621.0,,
Altar,2000,6.7,1620.0,7253.0,93.159334876868,1751.0,,
Altar,2005,7.3,1884.0,8357.0,,2070.0,,
Altar,2010,7.65,2362.0,9049.0,95.27,2266.0,,
Altar,2015,8.2368544,,,95.2743665474895,2472.0,,30.753647
Altar,2020,8.72647409172126,2592.0,9492.0,96.437054631829,2665.0,65.8242172764994,48.0950584685025
Arivechi,1995,,,1548.0,,384.0,,
Arivechi,2000,6.3,393.0,1484.0,93.7125748502994,381.0,,
Arivechi,2005,6.5,292.0,1280.0,,375.0,,
Arivechi,2010,7.27,315.0,1253.0,94.66,368.0,,
Arivechi,2015,8.0044943,,,96.0981047937569,367.0,,15.300546
Arivechi,2020,8.18253079507279,237.0,1177.0,96.0850111856823,395.0,69.0537084398977,63.1713554987212
Arizpe,1995,,,3641.0,,946.0,,
Arizpe,2000,6.5,768.0,3396.0,94.3396226415094,927.0,,
Arizpe,2005,6.8,693.0,2959.0,,883.0,,
Arizpe,2010,7.37,711.0,3037.0,95.68,933.0,,
Arizpe,2015,7.7309796,,,95.0544015825915,859.0,,17.852975
Arizpe,2020,8.13361072584374,504.0,2788.0,97.0994475138122,968.0,68.7370600414079,15.1138716356108
Atil,1995,,,777.0,,180.0,,
Atil,2000,7.1,176.0,718.0,93.2806324110672,184.0,,
Atil,2005,7.9,160.0,734.0,,195.0,,
Atil,2010,8.22,155.0,625.0,97.17,168.0,,
Atil,2015,8.3940092,,,96.127562642369,174.0,,6.8965517
Atil,2020,9.07331975560082,134.0,626.0,97.3737373737374,191.0,65.9685863874346,18.3246073298429
Bacadehuachi,1995,,,1380.0,,338.0,,
Bacadehuachi,2000,6.1,306.0,1348.0,94.0919037199125,347.0,,
Bacadehuachi,2005,6.5,288.0,1264.0,,350.0,,
Bacadehuachi,2010,6.89,277.0,1252.0,94.71,363.0,,
Bacadehuachi,2015,6.8384615,,,94.529262086514,357.0,,2.5210084
Bacadehuachi,2020,7.6381074168798,204.0,979.0,95.6577266922095,346.0,47.3988439306358,51.1560693641619
Bacanora,1995,,,1237.0,,294.0,,
Bacanora,2000,5.5,215.0,943.0,89.7744360902256,271.0,,
Bacanora,2005,5.8,155.0,767.0,,233.0,,
Bacanora,2010,6.41,147.0,784.0,92.24,253.0,,
Bacanora,2015,7.135433,,,94.2006269592476,261.0,,26.05364
Bacanora,2020,7.22508591065292,136.0,759.0,94.8453608247423,261.0,60.536398467433,32.5670498084291
Bacerac,1995,,,1535.0,,361.0,,
Bacerac,2000,6.2,346.0,1366.0,95.0819672131148,334.0,,
Bacerac,2005,6.6,332.0,1346.0,,387.0,,
Bacerac,2010,7.43,425.0,1467.0,95.69,412.0,,
Bacerac,2015,7.5501519,,,93.8235294117647,428.0,,19.626168
Bacerac,2020,8.0953947368421,279.0,1221.0,96.3855421686747,380.0,65.4353562005277,31.3984168865435
Bacoachi,1995,,,1693.0,,448.0,,
Bacoachi,2000,6.5,328.0,1496.0,95.5209347614411,420.0,,
Bacoachi,2005,6.7,315.0,1456.0,,450.0,,
Bacoachi,2010,7.38,371.0,1646.0,95.91,498.0,,
Bacoachi,2015,7.6405723,,,96.2248322147651,527.0,,0.7590133
Bacoachi,2020,8.11101549053356,291.0,1475.0,96.9905417024935,516.0,74.4639376218324,10.7212475633528
Bacum,1995,,,21662.0,,4584.0,,
Bacum,2000,6.5,5443.0,21322.0,91.8367346938776,4908.0,,
Bacum,2005,7.3,5459.0,20892.0,,5251.0,,
Bacum,2010,7.79,5799.0,22821.0,93.08,5858.0,,
Bacum,2015,8.2384601,,,94.6174456683536,6158.0,,17.511371
Bacum,2020,8.74863544958345,5232.0,23151.0,95.9328636077218,6404.0,46.3799843627834,30.9304143862392
Banamichi,1995,,,1600.0,,401.0,,
Banamichi,2000,7.0,385.0,1484.0,94.188376753507,395.0,,
Banamichi,2005,7.5,374.0,1464.0,,415.0,,
Banamichi,2010,8.18,401.0,1646.0,96.64,482.0,,
Banamichi,2015,8.2394122,,,93.4343434343434,510.0,,21.372549
Banamichi,2020,9.35238095238095,371.0,1825.0,97.5947521865889,565.0,70.5673758865248,66.4893617021277
Baviacora,1995,,,3692.0,,866.0,,
Baviacora,2000,6.7,814.0,3724.0,94.7486871717929,973.0,,
Baviacora,2005,7.3,812.0,3404.0,,949.0,,
Baviacora,2010,7.68,880.0,3560.0,95.47,1051.0,,
Baviacora,2015,8.1866935,,,96.696212731668,1031.0,,12.427184
Baviacora,2020,8.67632850241546,690.0,3191.0,97.6650563607085,1040.0,68.8161693936477,44.9470644850818
Bavispe,1995,,,1396.0,,349.0,,
Bavispe,2000,6.0,303.0,1377.0,95.4298150163221,397.0,,
Bavispe,2005,6.3,303.0,1263.0,,355.0,,
Bavispe,2010,7.03,355.0,1454.0,96.51,419.0,,
Bavispe,2015,7.5069444,,,97.5296442687747,436.0,,2.293578
Bavispe,2020,7.71985815602837,251.0,1169.0,97.6359338061466,387.0,75.7105943152455,26.8733850129199
Benito Juarez,2000,6.8,5908.0,21813.0,91.9479606188467,5142.0,,
Benito Juarez,2005,7.4,6133.0,20447.0,,5075.0,,
Benito Juarez,2010,8.07,6146.0,22009.0,93.64,5643.0,,
Benito Juarez,2015,8.7138413,,,95.4429908859817,5857.0,,24.186922
Benito Juarez,2020,8.96561855347878,5253.0,21692.0,95.9156949554156,5986.0,47.5431829615965,32.5674995807479
Benjamin Hill,1995,,,6119.0,,1486.0,,
Benjamin Hill,2000,7.1,1512.0,5732.0,93.0625164864152,1413.0,,
Benjamin Hill,2005,7.9,1395.0,5285.0,,1445.0,,
Benjamin Hill,2010,8.29,1493.0,5275.0,95.52,1481.0,,
Benjamin Hill,2015,8.6809895,,,96.9106957424714,1629.0,,36.832413
Benjamin Hill,2020,9.11020629750271,1189.0,4988.0,97.1049783549784,1543.0,57.2632944228275,47.4708171206226
Caborca,1995,,,64605.0,,14501.0,,
Caborca,2000,7.3,18601.0,69516.0,93.7475542414888,16447.0,,
Caborca,2005,7.9,18787.0,70113.0,,18127.0,,
Caborca,2010,8.5,20823.0,81309.0,94.94,21415.0,,
Caborca,2015,9.1072487,,,96.0648109954295,24418.0,,38.092695
Caborca,2020,9.50923851324391,22168.0,89122.0,96.7727133680025,26298.0,70.3481941954922,57.049692994165
Cajeme,1995,,,345222.0,,78263.0,,
Cajeme,2000,8.7,103542.0,356290.0,96.2053204432607,85981.0,,
Cajeme,2005,9.3,108168.0,375800.0,,98479.0,,
Cajeme,2010,9.88,114003.0,409310.0,96.71,112398.0,,
Cajeme,2015,10.2618605,,,97.3038272725873,128490.0,,38.104133
Cajeme,2020,10.8046768111838,110019.0,436484.0,98.1171653786616,135701.0,58.8053446660322,58.8075580837705
Cananea,1995,,,29315.0,,7245.0,,
Cananea,2000,8.8,8794.0,32061.0,98.4333348922041,8228.0,,
Cananea,2005,9.2,8794.0,32157.0,,8785.0,,
Cananea,2010,9.68,9364.0,32936.0,97.99,9026.0,,
Cananea,2015,10.0936532,,,98.6106232681575,9850.0,,56.924176
Cananea,2020,10.516233196448,10545.0,39451.0,98.9287214675816,11588.0,80.561797752809,74.7796024200519
Carbo,1995,,,4994.0,,1104.0,,
Carbo,2000,6.5,1283.0,4984.0,92.2645040548971,1096.0,,
Carbo,2005,7.2,1272.0,4644.0,,1121.0,,
Carbo,2010,7.34,1309.0,5347.0,94.51,1235.0,,
Carbo,2015,7.7958708,,,94.5443993035403,1315.0,,15.361217
Carbo,2020,8.29834872656031,1146.0,4946.0,95.8774373259053,1401.0,52.045944005743,29.289303661163
Cucurpe,1995,,,913.0,,262.0,,
Cucurpe,2000,5.7,153.0,937.0,93.2824427480916,294.0,,
Cucurpe,2005,6.0,163.0,798.0,,269.0,,
Cucurpe,2010,6.64,193.0,958.0,94.94,308.0,,
Cucurpe,2015,7.2876901,,,95.054945054945,317.0,,8.5443038
Cucurpe,2020,7.72321428571429,164.0,863.0,96.7261904761905,315.0,71.7460317460317,18.4126984126984
Cumpas,1995,,,6639.0,,1660.0,,
Cumpas,2000,7.5,1539.0,6202.0,97.1611721611722,1636.0,,
Cumpas,2005,8.0,1406.0,5776.0,,1624.0,,
Cumpas,2010,8.54,1600.0,6362.0,96.8,1843.0,,
Cumpas,2015,9.0542876,,,97.0594738005748,1838.0,,28.182807
Cumpas,2020,9.53839285714286,1423.0,5829.0,97.7227503869113,1861.0,72.8494623655914,39.3548387096774
Divisaderos,1995,,,807.0,,199.0,,
Divisaderos,2000,6.6,202.0,825.0,96.2003454231433,218.0,,
Divisaderos,2005,7.0,171.0,681.0,,190.0,,
Divisaderos,2010,7.88,208.0,813.0,97.5,230.0,,
Divisaderos,2015,7.98,,,96.9202898550724,242.0,,6.1983471
Divisaderos,2020,8.52280701754386,180.0,753.0,97.3821989528796,242.0,69.8347107438017,54.5454545454545
Empalme,1995,,,48607.0,,11256.0,,
Empalme,2000,7.5,13145.0,49987.0,94.8100120627262,11917.0,,
Empalme,2005,8.3,14100.0,50663.0,,13057.0,,
Empalme,2010,8.92,14701.0,54131.0,96.14,14366.0,,
Empalme,2015,9.3447918,,,97.1502908617854,15682.0,,31.408496
Empalme,2020,9.59373124200746,11982.0,51431.0,97.47483941435,14798.0,54.4703891708968,50.2335025380711
Etchojoa,1995,,,79798.0,,16051.0,,
Etchojoa,2000,6.8,16184.0,56129.0,90.3730477706147,11834.0,,
Etchojoa,2005,7.6,16890.0,55697.0,,12666.0,,
Etchojoa,2010,8.35,17553.0,60717.0,92.77,14247.0,,
Etchojoa,2015,8.6915445,,,94.019743640481,15858.0,,16.092824
Etchojoa,2020,9.40697343972019,15504.0,61309.0,96.3177871820601,15532.0,34.7033434258842,22.7984281388907
Fronteras,1995,,,6671.0,,1571.0,,
Fronteras,2000,7.5,2018.0,7801.0,96.3880288957688,1923.0,,
Fronteras,2005,7.8,1938.0,7470.0,,1988.0,,
Fronteras,2010,8.58,2456.0,8639.0,96.97,2263.0,,
Fronteras,2015,9.2119433,,,97.1408887357905,2444.0,,38.540385
Fronteras,2020,9.58780795957044,2448.0,9041.0,98.0160604629192,2697.0,75.8441558441558,48.5714285714286
General Plutarco Elias Calles,1995,,,10322.0,,2414.0,,
General Plutarco Elias Calles,2000,7.1,2890.0,11278.0,94.5088724325835,2700.0,,
General Plutarco Elias Calles,2005,7.6,3232.0,12416.0,,3050.0,,
General Plutarco Elias Calles,2010,8.0,4079.0,15652.0,95.47,4035.0,,
General Plutarco Elias Calles,2015,,,,0.0,4536.0,,
General Plutarco Elias Calles,2020,8.92700497934103,3712.0,13627.0,96.6923808517383,4091.0,75.3080335140463,48.1025135534746
Granados,1995,,,1259.0,,289.0,,
Granados,2000,7.7,402.0,1235.0,96.1832061068702,293.0,,
Granados,2005,7.6,198.0,938.0,,271.0,,
Granados,2010,8.24,268.0,1150.0,97.35,329.0,,
Granados,2015,8.6906005,,,97.265625,329.0,,11.550152
Granados,2020,8.97208121827411,207.0,1009.0,97.8426395939086,342.0,62.8654970760234,15.2046783625731
Guaymas,1995,,,134625.0,,30412.0,,
Guaymas,2000,8.0,35081.0,130329.0,95.0315017146503,31010.0,,
Guaymas,2005,8.7,37472.0,134153.0,,34236.0,,
Guaymas,2010,9.19,40440.0,149299.0,95.79,40579.0,,
Guaymas,2015,9.6644677,,,96.8286123131562,45642.0,,42.818583
Guaymas,2020,10.1140274949084,37585.0,156863.0,97.4924282161046,47102.0,55.2627661158255,59.7885960994492
Hermosillo,1995,,,559154.0,,129016.0,,
Hermosillo,2000,9.1,181910.0,609829.0,96.8984742356545,147140.0,,
Hermosillo,2005,9.9,210799.0,701838.0,,182207.0,,
Hermosillo,2010,10.36,225632.0,784342.0,97.4,213304.0,,
Hermosillo,2015,11.0618263,,,98.2590046826664,257694.0,,53.464551
Hermosillo,2020,11.2953864674033,252613.0,936263.0,98.2919866184362,278550.0,68.672832295145,70.3870112038072
Huachinera,1995,,,1290.0,,332.0,,
Huachinera,2000,6.0,253.0,1147.0,93.9072847682119,309.0,,
Huachinera,2005,6.4,301.0,1223.0,,352.0,,
Huachinera,2010,6.88,376.0,1350.0,95.82,394.0,,
Huachinera,2015,7.3114035,,,94.7483588621444,409.0,,3.4229829
Huachinera,2020,7.85714285714286,263.0,1186.0,95.8963282937365,395.0,66.497461928934,33.248730964467
Huasabas,1995,,,1024.0,,249.0,,
Huasabas,2000,6.8,251.0,966.0,95.1951951951952,263.0,,
Huasabas,2005,7.2,217.0,865.0,,255.0,,
Huasabas,2010,7.91,280.0,962.0,94.4,286.0,,
Huasabas,2015,8.4414814,,,96.759941089838,275.0,,30.545455
Huasabas,2020,8.99295774647887,205.0,888.0,98.169014084507,299.0,68.2274247491639,51.8394648829431
Huatabampo,1995,,,75706.0,,15855.0,,
Huatabampo,2000,7.2,20711.0,76296.0,92.3695639472608,17098.0,,
Huatabampo,2005,7.8,21402.0,74533.0,,17865.0,,
Huatabampo,2010,8.46,22660.0,79313.0,94.09,19686.0,,
Huatabampo,2015,9.0236045,,,95.0708357783552,21299.0,,21.852252
Huatabampo,2020,9.58900479373439,18900.0,77682.0,96.5701386432169,21432.0,44.2945186291904,30.8432159865534
Huepac,1995,,,1131.0,,302.0,,
Huepac,2000,7.2,304.0,1142.0,96.8369829683698,323.0,,
Huepac,2005,7.6,258.0,1032.0,,306.0,,
Huepac,2010,8.39,298.0,1154.0,96.0,345.0,,
Huepac,2015,8.3872,,,93.9024390243902,307.0,,27.687296
Huepac,2020,9.23224043715847,185.0,943.0,98.2408660351827,328.0,73.7003058103976,61.1620795107034
Imuris,1995,,,9028.0,,2080.0,,
Imuris,2000,6.8,2549.0,9988.0,94.6554149085795,2301.0,,
Imuris,2005,7.5,2961.0,10541.0,,2659.0,,
Imuris,2010,8.06,3456.0,12316.0,95.83,3198.0,,
Imuris,2015,8.4697311,,,96.8109082713545,3594.0,,35.578535
Imuris,2020,8.92532179316467,3115.0,12536.0,96.6290893015031,3544.0,64.619303707897,49.4763656948769
La Colorada,1995,,,2390.0,,610.0,,
La Colorada,2000,6.1,512.0,2306.0,93.6741214057508,645.0,,
La Colorada,2005,6.3,403.0,1754.0,,555.0,,
La Colorada,2010,6.52,331.0,1663.0,93.09,561.0,,
La Colorada,2015,7.3358208,,,94.5996275605214,720.0,,3.3566434
La Colorada,2020,7.57093663911846,300.0,1848.0,95.7621326042379,682.0,60.6194690265487,11.9469026548673
Magdalena,1995,,,22206.0,,5279.0,,
Magdalena,2000,8.0,6549.0,24447.0,96.7045949138842,6010.0,,
Magdalena,2005,8.5,7081.0,25500.0,,6596.0,,
Magdalena,2010,9.2,8491.0,29707.0,97.32,7849.0,,
Magdalena,2015,9.5012927,,,97.8405462930117,9079.0,,45.806238
Magdalena,2020,10.0092935274282,8834.0,33049.0,98.1731044935076,9864.0,73.1296315094914,61.7602273880824
Mazatan,1995,,,1835.0,,462.0,,
Mazatan,2000,7.1,454.0,1584.0,95.6164383561644,432.0,,
Mazatan,2005,7.3,333.0,1363.0,,434.0,,
Mazatan,2010,7.65,353.0,1350.0,95.32,435.0,,
Mazatan,2015,8.3727087,,,96.4430894308943,411.0,,14.914425
Mazatan,2020,8.50888888888889,190.0,1101.0,97.3421926910299,402.0,71.072319201995,26.1845386533666
Moctezuma,1995,,,4095.0,,1026.0,,
Moctezuma,2000,8.0,1124.0,4187.0,97.0619097586569,1096.0,,
Moctezuma,2005,8.8,1313.0,4322.0,,1233.0,,
Moctezuma,2010,9.27,1441.0,4680.0,97.27,1350.0,,
Moctezuma,2015,9.9838577,,,98.1798424341211,1516.0,,49.472296
Moctezuma,2020,10.3498995983936,1441.0,5173.0,98.3688833124216,1725.0,68.7935034802784,51.5661252900232
Naco,1995,,,4912.0,,1159.0,,
Naco,2000,7.3,1398.0,5370.0,97.4010275007555,1254.0,,
Naco,2005,8.3,1578.0,6010.0,,1558.0,,
Naco,2010,8.69,1788.0,6401.0,97.79,1654.0,,
Naco,2015,9.0122279,,,98.1463414634146,1657.0,,39.274924
Naco,2020,9.36801779535343,1539.0,5774.0,98.3485333990633,1697.0,69.8924731182796,47.2520908004779
Nacori Chico,1995,,,2417.0,,586.0,,
Nacori Chico,2000,5.6,487.0,2236.0,93.4767989240081,582.0,,
Nacori Chico,2005,6.2,395.0,1743.0,,496.0,,
Nacori Chico,2010,6.48,472.0,2051.0,94.86,597.0,,
Nacori Chico,2015,6.6135734,,,95.0966850828729,614.0,,6.3517915
Nacori Chico,2020,7.114556416882,299.0,1531.0,96.7437874892888,502.0,64.7410358565737,16.5338645418327
Nacozari de Garcia,1995,,,14195.0,,3049.0,,
Nacozari de Garcia,2000,8.1,4084.0,14365.0,96.9603524229075,3306.0,,
Nacozari de Garcia,2005,8.6,3562.0,11961.0,,3043.0,,
Nacozari de Garcia,2010,9.37,3589.0,12751.0,97.38,3371.0,,
Nacozari de Garcia,2015,9.6056889,,,97.1108552287239,3829.0,,52.981172
Nacozari de Garcia,2020,10.0985860933566,3691.0,14369.0,98.2246236974141,4344.0,71.9290159022816,72.1594837520166
Navojoa,1995,,,136162.0,,29169.0,,
Navojoa,2000,7.9,39697.0,140650.0,93.9929849692961,31960.0,,
Navojoa,2005,8.6,41973.0,144598.0,,35063.0,,
Navojoa,2010,9.22,45120.0,157729.0,94.99,40107.0,,
Navojoa,2015,9.7791484,,,96.7865372297505,44316.0,,27.703252
Navojoa,2020,10.3092423234453,41947.0,164387.0,97.3323524237529,46918.0,54.599761051374,46.3282983444274
Nogales,1995,,,133491.0,,30946.0,,
Nogales,2000,8.6,39727.0,159787.0,97.8230117061778,37694.0,,
Nogales,2005,9.2,52780.0,193517.0,,48584.0,,
Nogales,2010,9.67,63348.0,220292.0,97.62,57647.0,,
Nogales,2015,10.3533952,,,98.5490523421388,65265.0,,52.095514
Nogales,2020,10.5864327968794,72202.0,264782.0,98.6660356101099,78358.0,64.5045873904265,70.9844360959902
Onavas,1995,,,501.0,,112.0,,
Onavas,2000,5.7,122.0,479.0,90.5537459283388,126.0,,
Onavas,2005,6.0,95.0,392.0,,118.0,,
Onavas,2010,6.67,84.0,399.0,95.02,111.0,,
Onavas,2015,7.5207756,,,95.8677685950413,125.0,,4.0
Onavas,2020,7.12455516014235,69.0,365.0,97.508896797153,120.0,57.9831932773109,73.109243697479
Opodepe,1995,,,3069.0,,758.0,,
Opodepe,2000,5.9,665.0,2831.0,94.6107784431138,762.0,,
Opodepe,2005,6.6,680.0,2634.0,,730.0,,
Opodepe,2010,7.07,650.0,2878.0,95.87,857.0,,
Opodepe,2015,7.2338257,,,94.1984732824427,853.0,,15.7277
Opodepe,2020,7.81260010678057,511.0,2438.0,97.0149253731343,828.0,57.7669902912621,33.8592233009709
Oquitoa,1995,,,416.0,,120.0,,
Oquitoa,2000,7.2,67.0,402.0,96.875,117.0,,
Oquitoa,2005,7.7,72.0,409.0,,122.0,,
Oquitoa,2010,8.03,90.0,443.0,96.51,129.0,,
Oquitoa,2015,7.0309278,,,95.2218430034129,113.0,,15.929204
Oquitoa,2020,9.85427135678392,91.0,496.0,98.7437185929648,156.0,73.7179487179487,28.8461538461538
Pitiquito,1995,,,8957.0,,2085.0,,
Pitiquito,2000,7.4,2474.0,9236.0,95.2645329849771,2270.0,,
Pitiquito,2005,7.9,2569.0,9117.0,,2407.0,,
Pitiquito,2010,8.4,2547.0,9468.0,95.43,2574.0,,
Pitiquito,2015,8.8227829,,,96.4367816091954,2643.0,,30.57132
Pitiquito,2020,9.23991228070175,2130.0,9122.0,96.5211062590975,2768.0,65.8695652173913,49.1304347826087
Puerto Peñasco,1995,,,27169.0,,6264.0,,
Puerto Peñasco,2000,7.9,8600.0,31157.0,96.8430917969713,7465.0,,
Puerto Peñasco,2005,8.5,11732.0,44875.0,,11260.0,,
Puerto Peñasco,2010,9.04,15575.0,57342.0,95.95,15669.0,,
Puerto Peñasco,2015,9.3941342,,,97.3397795216741,17566.0,,42.899877
Puerto Peñasco,2020,9.83034042084389,16096.0,62689.0,97.9533063665143,19176.0,76.7208084228348,70.7264165917147
Quiriego,1995,,,3820.0,,828.0,,
Quiriego,2000,4.7,721.0,3335.0,80.2424786708577,858.0,,
Quiriego,2005,5.1,636.0,3049.0,,816.0,,
Quiriego,2010,5.84,762.0,3356.0,83.89,930.0,,
Quiriego,2015,6.5116722,,,87.6068376068376,871.0,,1.1481056
Quiriego,2020,7.23483195111305,650.0,3090.0,89.7424705368835,933.0,32.4731182795699,6.34408602150538
Rayon,1995,,,1695.0,,490.0,,
Rayon,2000,5.9,335.0,1591.0,93.7719298245614,479.0,,
Rayon,2005,6.7,338.0,1543.0,,469.0,,
Rayon,2010,6.95,325.0,1599.0,94.25,527.0,,
Rayon,2015,7.2387665,,,94.2832014072119,509.0,,9.4302554
Rayon,2020,7.74534686971235,249.0,1496.0,96.2025316455696,540.0,60.4089219330855,26.5799256505576
Rosario,1995,,,5962.0,,1375.0,,
Rosario,2000,5.3,1302.0,5432.0,83.7750135208221,1376.0,,
Rosario,2005,6.1,1254.0,5165.0,,1407.0,,
Rosario,2010,6.62,1208.0,5226.0,88.85,1455.0,,
Rosario,2015,7.0998101,,,90.1537631507958,1481.0,,5.6718433
Rosario,2020,7.20884658454647,1005.0,4830.0,91.2545403744063,1508.0,50.9634551495017,17.9401993355482
Sahuaripa,1995,,,7222.0,,1662.0,,
Sahuaripa,2000,6.4,1611.0,6400.0,93.4807916181607,1683.0,,
Sahuaripa,2005,7.0,1423.0,5792.0,,1638.0,,
Sahuaripa,2010,7.54,1451.0,6020.0,94.78,1752.0,,
Sahuaripa,2015,8.0,,,95.0107424206254,1722.0,,17.98603
Sahuaripa,2020,8.4169741697417,1083.0,5257.0,96.3890935887988,1746.0,69.4205393000574,35.8577165806081
San Felipe de Jesus,1995,,,403.0,,112.0,,
San Felipe de Jesus,2000,7.4,97.0,416.0,95.1890034364261,121.0,,
San Felipe de Jesus,2005,7.6,72.0,312.0,,102.0,,
San Felipe de Jesus,2010,8.47,104.0,396.0,95.96,130.0,,
San Felipe de Jesus,2015,8.9391304,,,93.581081081081,139.0,,12.230216
San Felipe de Jesus,2020,9.5,84.0,369.0,98.1751824817518,126.0,73.8095238095238,20.6349206349206
San Ignacio Rio Muerto,2000,6.4,3613.0,13692.0,91.0446088321004,3020.0,,
San Ignacio Rio Muerto,2005,7.0,3814.0,13244.0,,3201.0,,
San Ignacio Rio Muerto,2010,7.71,3936.0,14136.0,93.39,3597.0,,
San Ignacio Rio Muerto,2015,8.1766063,,,94.5930399769916,3797.0,,11.702688
San Ignacio Rio Muerto,2020,8.55125523012552,3393.0,14279.0,95.6686930091185,3924.0,43.9068100358423,21.0445468509985
San Javier,1995,,,306.0,,86.0,,
San Javier,2000,6.2,59.0,279.0,92.5,89.0,,
San Javier,2005,6.5,49.0,242.0,,82.0,,
San Javier,2010,8.03,82.0,492.0,95.82,147.0,,
San Javier,2015,8.2788944,,,96.4912280701754,169.0,,9.4674556
San Javier,2020,8.77049180327869,145.0,537.0,97.2677595628415,156.0,66.6666666666667,36.5384615384615
San Luis Rio Colorado,1995,,,133140.0,,31289.0,,
San Luis Rio Colorado,2000,7.6,37044.0,145006.0,95.3144136154398,35315.0,,
San Luis Rio Colorado,2005,8.1,41642.0,157076.0,,40706.0,,
San Luis Rio Colorado,2010,8.62,48121.0,178380.0,95.58,47824.0,,
San Luis Rio Colorado,2015,9.026836,,,96.3934810302666,54809.0,,42.297961
San Luis Rio Colorado,2020,9.4574601517319,48549.0,199021.0,97.3326500890016,59692.0,79.8188087350416,65.7781759177878
San Miguel de Horcasitas,1995,,,4439.0,,965.0,,
San Miguel de Horcasitas,2000,5.0,1035.0,5626.0,85.5418223627479,1168.0,,
San Miguel de Horcasitas,2005,5.3,1496.0,6036.0,,1276.0,,
San Miguel de Horcasitas,2010,5.86,1850.0,8382.0,88.13,1646.0,,
San Miguel de Horcasitas,2015,5.9427906,,,87.1283839893705,2307.0,,7.9142982
San Miguel de Horcasitas,2020,6.73162462706808,2392.0,10729.0,89.8591930679664,2785.0,31.8198198198198,22.8108108108108
San Pedro de la Cueva,1995,,,1890.0,,558.0,,
San Pedro de la Cueva,2000,5.7,346.0,1703.0,92.814877430262,552.0,,
San Pedro de la Cueva,2005,6.1,324.0,1429.0,,515.0,,
San Pedro de la Cueva,2010,6.89,353.0,1604.0,93.94,567.0,,
San Pedro de la Cueva,2015,7.1643952,,,95.3310696095076,541.0,,18.669131
San Pedro de la Cueva,2020,7.69627749576988,221.0,1458.0,95.1898734177215,565.0,60.9929078014184,31.2056737588652
Santa Ana,1995,,,13374.0,,3275.0,,
Santa Ana,2000,7.8,3602.0,13526.0,97.1170774647887,3377.0,,
Santa Ana,2005,8.4,4005.0,14638.0,,3774.0,,
Santa Ana,2010,8.88,4348.0,16014.0,97.69,4425.0,,
Santa Ana,2015,9.3190905,,,97.5519986304887,4758.0,,42.12963
Santa Ana,2020,9.86171447521141,4044.0,16203.0,98.4346529733311,4936.0,70.3959390862944,58.5786802030457
Santa Cruz,1995,,,1407.0,,362.0,,
Santa Cruz,2000,6.8,359.0,1628.0,96.1722488038278,438.0,,
Santa Cruz,2005,7.1,379.0,1786.0,,474.0,,
Santa Cruz,2010,7.49,483.0,1998.0,97.32,551.0,,
Santa Cruz,2015,8.0178117,,,97.5506756756757,510.0,,23.425197
Santa Cruz,2020,8.5041888804265,378.0,1835.0,98.6301369863014,553.0,72.1518987341772,26.2206148282098
Saric,1995,,,2287.0,,551.0,,
Saric,2000,6.1,503.0,2257.0,93.8305084745763,596.0,,
Saric,2005,6.8,525.0,2486.0,,625.0,,
Saric,2010,7.0,651.0,2703.0,94.89,708.0,,
Saric,2015,7.14695,,,95.807314897413,461.0,,4.7722343
Saric,2020,7.82154659616656,465.0,2058.0,95.8498023715415,635.0,70.1587301587302,7.3015873015873
Soyopa,1995,,,1931.0,,473.0,,
Soyopa,2000,6.1,386.0,1649.0,92.9936305732484,453.0,,
Soyopa,2005,6.1,266.0,1209.0,,371.0,,
Soyopa,2010,6.56,202.0,1284.0,92.63,430.0,,
Soyopa,2015,7.0037593,,,92.9971988795518,463.0,,2.8077754
Soyopa,2020,7.40171755725191,218.0,1368.0,93.9885496183206,478.0,63.5983263598326,48.326359832636
Suaqui Grande,1995,,,1313.0,,270.0,,
Suaqui Grande,2000,6.5,328.0,1175.0,97.0996216897856,272.0,,
Suaqui Grande,2005,6.4,273.0,1102.0,,286.0,,
Suaqui Grande,2010,6.76,249.0,1121.0,93.88,332.0,,
Suaqui Grande,2015,7.3313253,,,96.2785114045618,335.0,,10.746269
Suaqui Grande,2020,7.59977064220184,241.0,1114.0,96.2199312714777,352.0,53.8461538461538,21.9373219373219
Tepache,1995,,,1611.0,,407.0,,
Tepache,2000,6.6,371.0,1539.0,96.5022421524664,420.0,,
Tepache,2005,6.7,211.0,1184.0,,371.0,,
Tepache,2010,7.11,267.0,1365.0,95.69,421.0,,
Tepache,2015,7.7051961,,,95.9076600209863,405.0,,26.485149
Tepache,2020,8.19479166666667,233.0,1178.0,97.1875,398.0,74.0554156171285,51.3853904282116
Total Sonora,1995,,,2085536.0,,474638.0,,
Total Sonora,2000,8.2,613724.0,2216969.0,95.4962930175943,529937.0,,
Total Sonora,2005,8.9,679929.0,2394861.0,,614595.0,,
Total Sonora,2010,9.42,743126.0,2662480.0,96.25,712108.0,,
Total Sonora,2015,10.0014293654817,,2874391.0,96.6749699434904,814820.0,,42.098805
Total Sonora,2020,10.4031969176912,757636.0,2944840.0,97.7650581444623,876333.0,64.4089662957587,60.6755259103714
Total Sonora,1910,,,265383.0,,,,
Total Sonora,1921,,,275127.0,,,,
Total Sonora,1930,,,316271.0,,,,
Total Sonora,1940,,,364176.0,,,,
Total Sonora,1950,,,510607.0,,,,
Total Sonora,1960,,,783378.0,,,,
Total Sonora,1970,,,1098720.0,,,,
Total Sonora,1980,,,1513731.0,,,,
Total Sonora,1990,,,1823606.0,,382914.0,,
Trincheras,1995,,,1900.0,,481.0,,
Trincheras,2000,5.9,375.0,1756.0,93.6619718309859,468.0,,
Trincheras,2005,6.3,364.0,1670.0,,452.0,,
Trincheras,2010,6.9,381.0,1731.0,94.04,481.0,,
Trincheras,2015,7.2312925,,,94.6925021061499,500.0,,13.279678
Trincheras,2020,7.72736030828516,268.0,1381.0,95.9576515880654,481.0,60.377358490566,13.6268343815514
Tubutama,1995,,,1893.0,,462.0,,
Tubutama,2000,5.5,409.0,1798.0,93.984962406015,470.0,,
Tubutama,2005,6.5,368.0,1751.0,,457.0,,
Tubutama,2010,7.09,404.0,1735.0,95.4,511.0,,
Tubutama,2015,6.5581127,,,94.5205479452054,361.0,,3.601108
Tubutama,2020,7.70210896309315,308.0,1473.0,95.8916083916084,487.0,64.8870636550308,5.95482546201232
Ures,1995,,,10206.0,,2399.0,,
Ures,2000,7.0,2366.0,9565.0,95.2146690518784,2573.0,,
Ures,2005,7.6,2155.0,8420.0,,2449.0,,
Ures,2010,8.21,2378.0,9185.0,95.48,2740.0,,
Ures,2015,8.4760712,,,95.740008783487,2797.0,,20.837809
Ures,2020,9.07352941176471,1737.0,8548.0,97.1632237416352,2944.0,65.0631183896281,39.3039918116684
Villa Hidalgo,1995,,,1955.0,,499.0,,
Villa Hidalgo,2000,6.4,448.0,1986.0,95.1763858891289,537.0,,
Villa Hidalgo,2005,6.8,304.0,1565.0,,476.0,,
Villa Hidalgo,2010,7.26,371.0,1738.0,95.64,537.0,,
Villa Hidalgo,2015,7.8353344,,,94.9787234042553,545.0,,33.027523
Villa Hidalgo,2020,8.08424908424908,304.0,1429.0,96.800731261426,494.0,68.6234817813765,33.8056680161943
Villa Pesqueira,1995,,,1701.0,,439.0,,
Villa Pesqueira,2000,6.4,410.0,1590.0,94.1395348837209,443.0,,
Villa Pesqueira,2005,6.8,336.0,1374.0,,413.0,,
Villa Pesqueira,2010,7.72,313.0,1254.0,97.49,390.0,,
Villa Pesqueira,2015,7.5651237,,,95.2789699570815,389.0,,11.568123
Villa Pesqueira,2020,8.35307781649245,196.0,1043.0,97.3317865429234,379.0,70.1333333333333,23.4666666666667
Yecora,1995,,,6114.0,,1365.0,,
Yecora,2000,5.1,1434.0,6069.0,86.7853560682046,1506.0,,
Yecora,2005,5.7,1432.0,6089.0,,1601.0,,
Yecora,2010,6.37,1460.0,6046.0,89.01,1660.0,,
Yecora,2015,6.8027999,,,90.2450744834214,1708.0,,9.1334895
Yecora,2020,7.09443168771527,988.0,4793.0,90.8960778700258,1523.0,47.4030243261013,19.6581196581197
